{
  "model_name": "random_forest_risk_scorer",
  "version": "1.0.0",
  "training_date": "2026-06-09T22:12:37.839028",
  "accuracy": 1.0,
  "f1_score": 1.0,
  "cv_f1_mean": 1.0,
  "cv_f1_std": 0.0,
  "features": [
    "hour",
    "day_of_week",
    "is_weekend",
    "month",
    "road_id_encoded",
    "km_mid",
    "class_encoded",
    "subclass_encoded",
    "accident_type_encoded",
    "concessionaire_encoded",
    "municipio_encoded",
    "has_blockage",
    "feridos_leves",
    "feridos_graves",
    "mortos"
  ],
  "n_train": 14811,
  "n_test": 3703,
  "confusion_matrix": [
    [
      1051,
      0
    ],
    [
      0,
      2652
    ]
  ],
  "classification_report": "              precision    recall  f1-score   support\n\n       Livre       1.00      1.00      1.00      1051\n     Atenção       1.00      1.00      1.00      2652\n\n    accuracy                           1.00      3703\n   macro avg       1.00      1.00      1.00      3703\nweighted avg       1.00      1.00      1.00      3703\n",
  "feature_importance": {
    "accident_type_encoded": 0.35880471859087804,
    "class_encoded": 0.32804573273482895,
    "subclass_encoded": 0.30618756925930346,
    "concessionaire_encoded": 0.002044858832206159,
    "month": 0.0017281753773195007,
    "hour": 0.0015451480113633869,
    "road_id_encoded": 0.0007306980821653394,
    "km_mid": 0.00041153797120088503,
    "municipio_encoded": 0.0003251785626244534,
    "day_of_week": 0.0001635264363578982,
    "is_weekend": 1.2856141751920672e-05,
    "has_blockage": 0.0,
    "feridos_leves": 0.0,
    "feridos_graves": 0.0,
    "mortos": 0.0
  },
  "hyperparameters": {
    "n_estimators": 200,
    "max_depth": 15,
    "min_samples_leaf": 5,
    "class_weight": "balanced"
  }
}